index,date,year,month,day,cases,new_cases,new_cases_sm
1,1/1/2020,2020,1,1,0,0,0
2,1/2/2020,2020,1,2,0,0,0
3,1/3/2020,2020,1,3,0,0,0
4,1/4/2020,2020,1,4,0,0,0
5,1/5/2020,2020,1,5,0,0,0
6,1/6/2020,2020,1,6,0,0,0
7,1/7/2020,2020,1,7,0,0,0
8,1/8/2020,2020,1,8,0,0,0
9,1/9/2020,2020,1,9,0,0,0
10,1/10/2020,2020,1,10,0,0,0
11,1/11/2020,2020,1,11,0,0,0
12,1/12/2020,2020,1,12,0,0,0
13,1/13/2020,2020,1,13,0,0,0
14,1/14/2020,2020,1,14,0,0,0
15,1/15/2020,2020,1,15,0,0,0
16,1/16/2020,2020,1,16,0,0,0
17,1/17/2020,2020,1,17,0,0,0
18,1/18/2020,2020,1,18,0,0,0
19,1/19/2020,2020,1,19,0,0,0
20,1/20/2020,2020,1,20,0,0,0
21,1/21/2020,2020,1,21,0,0,0
22,1/22/2020,2020,1,22,1,0,0
23,1/23/2020,2020,1,23,1,0,0
24,1/24/2020,2020,1,24,2,1,0
25,1/25/2020,2020,1,25,2,0,0
26,1/26/2020,2020,1,26,5,3,0
27,1/27/2020,2020,1,27,5,0,0
28,1/28/2020,2020,1,28,5,0,0.571
29,1/29/2020,2020,1,29,6,1,0.714
30,1/30/2020,2020,1,30,6,0,0.714
31,1/31/2020,2020,1,31,8,2,0.857
32,2/1/2020,2020,2,1,8,0,0.857
33,2/2/2020,2020,2,2,8,0,0.429
34,2/3/2020,2020,2,3,11,3,0.857
35,2/4/2020,2020,2,4,11,0,0.857
36,2/5/2020,2020,2,5,11,0,0.714
37,2/6/2020,2020,2,6,12,1,0.857
38,2/7/2020,2020,2,7,12,0,0.571
39,2/8/2020,2020,2,8,12,0,0.571
40,2/9/2020,2020,2,9,12,0,0.571
41,2/10/2020,2020,2,10,12,0,0.143
42,2/11/2020,2020,2,11,13,1,0.286
43,2/12/2020,2020,2,12,13,0,0.286
44,2/13/2020,2020,2,13,14,1,0.286
45,2/14/2020,2020,2,14,14,0,0.286
46,2/15/2020,2020,2,15,14,0,0.286
47,2/16/2020,2020,2,16,14,0,0.286
48,2/17/2020,2020,2,17,14,0,0.286
49,2/18/2020,2020,2,18,14,0,0.143
50,2/19/2020,2020,2,19,14,0,0.143
51,2/20/2020,2020,2,20,14,0,0
52,2/21/2020,2020,2,21,16,2,0.286
53,2/22/2020,2020,2,22,16,0,0.286
54,2/23/2020,2020,2,23,16,0,0.286
55,2/24/2020,2020,2,24,16,0,0.286
56,2/25/2020,2020,2,25,16,0,0.286
57,2/26/2020,2020,2,26,16,0,0.286
58,2/27/2020,2020,2,27,17,1,0.429
59,2/28/2020,2020,2,28,17,0,0.143
60,2/29/2020,2020,2,29,25,8,1.286
61,3/1/2020,2020,3,1,32,7,2.286
62,3/2/2020,2020,3,2,55,23,5.571
63,3/3/2020,2020,3,3,74,19,8.286
64,3/4/2020,2020,3,4,107,33,13
65,3/5/2020,2020,3,5,184,77,23.857
66,3/6/2020,2020,3,6,237,53,31.429
67,3/7/2020,2020,3,7,403,166,54
68,3/8/2020,2020,3,8,519,116,69.571
69,3/9/2020,2020,3,9,594,75,77
70,3/10/2020,2020,3,10,782,188,101.143
71,3/11/2020,2020,3,11,1147,365,148.571
72,3/12/2020,2020,3,12,1586,439,200.286
73,3/13/2020,2020,3,13,2219,633,283.143
74,3/14/2020,2020,3,14,2978,759,367.857
75,3/15/2020,2020,3,15,3212,234,384.714
76,3/16/2020,2020,3,16,4679,1467,583.571
77,3/17/2020,2020,3,17,6512,1833,818.571
78,3/18/2020,2020,3,18,9169,2657,1146
79,3/19/2020,2020,3,19,13663,4494,1725.286
80,3/20/2020,2020,3,20,20030,6367,2544.429
81,3/21/2020,2020,3,21,26025,5995,3292.429
82,3/22/2020,2020,3,22,34944,8919,4533.143
83,3/23/2020,2020,3,23,46096,11152,5916.714
84,3/24/2020,2020,3,24,56714,10618,7171.714
85,3/25/2020,2020,3,25,68841,12127,8524.571
86,3/26/2020,2020,3,26,86662,17821,10428.429
87,3/27/2020,2020,3,27,105253,18591,12174.714
88,3/28/2020,2020,3,28,127417,22164,14484.571
89,3/29/2020,2020,3,29,143544,16127,15514.286
90,3/30/2020,2020,3,30,165698,22154,17086
91,3/31/2020,2020,3,31,192079,26381,19337.857
92,4/1/2020,2020,4,1,227893,35814,22721.714
93,4/2/2020,2020,4,2,260169,32276,24786.714
94,4/3/2020,2020,4,3,292609,32440,26765.143
95,4/4/2020,2020,4,4,324328,31719,28130.143
96,4/5/2020,2020,4,5,353103,28775,29937
97,4/6/2020,2020,4,6,385094,31991,31342.286
98,4/7/2020,2020,4,7,415244,30150,31880.714
99,4/8/2020,2020,4,8,446488,31244,31227.857
100,4/9/2020,2020,4,9,482510,36022,31763
101,4/10/2020,2020,4,10,516699,34189,32012.857
102,4/11/2020,2020,4,11,545678,28979,31621.429
103,4/12/2020,2020,4,12,571536,25858,31204.714
104,4/13/2020,2020,4,13,598780,27244,30526.571
105,4/14/2020,2020,4,14,627277,28497,30290.429
106,4/15/2020,2020,4,15,653652,26375,29594.857
107,4/16/2020,2020,4,16,683325,29673,28687.857
108,4/17/2020,2020,4,17,716473,33148,28539.143
109,4/18/2020,2020,4,18,743798,27325,28302.857
110,4/19/2020,2020,4,19,768833,25035,28185.286
111,4/20/2020,2020,4,20,799486,30653,28672.286
112,4/21/2020,2020,4,21,825427,25941,28307.143
113,4/22/2020,2020,4,22,855373,29946,28817.286
114,4/23/2020,2020,4,23,887423,32050,29156.857
115,4/24/2020,2020,4,24,918920,31497,28921
116,4/25/2020,2020,4,25,949511,30591,29387.571
117,4/26/2020,2020,4,26,975376,25865,29506.143
118,4/27/2020,2020,4,27,1000114,24738,28661.143
119,4/28/2020,2020,4,28,1024641,24527,28459.143
120,4/29/2020,2020,4,29,1051440,26799,28009.571
121,4/30/2020,2020,4,30,1080999,29559,27653.714
122,5/1/2020,2020,5,1,1115845,34846,28132.143
123,5/2/2020,2020,5,2,1142454,26609,27563.286
124,5/3/2020,2020,5,3,1166033,23579,27236.714
125,5/4/2020,2020,5,4,1190053,24020,27134.143
126,5/5/2020,2020,5,5,1214105,24052,27066.286
127,5/6/2020,2020,5,6,1238495,24390,26722.143
128,5/7/2020,2020,5,7,1266120,27625,26445.857
129,5/8/2020,2020,5,8,1293257,27137,25344.571
130,5/9/2020,2020,5,9,1317402,24145,24992.571
131,5/10/2020,2020,5,10,1336095,18693,24294.571
132,5/11/2020,2020,5,11,1355353,19258,23614.286
133,5/12/2020,2020,5,12,1378837,23484,23533.143
134,5/13/2020,2020,5,13,1398905,20068,22915.714
135,5/14/2020,2020,5,14,1424783,25878,22666.143
136,5/15/2020,2020,5,15,1449610,24827,22336.143
137,5/16/2020,2020,5,16,1473495,23885,22299
138,5/17/2020,2020,5,17,1492122,18627,22289.571
139,5/18/2020,2020,5,18,1514513,22391,22737.143
140,5/19/2020,2020,5,19,1535062,20549,22317.857
141,5/20/2020,2020,5,20,1557900,22838,22713.571
142,5/21/2020,2020,5,21,1582993,25093,22601.429
143,5/22/2020,2020,5,22,1606824,23831,22459.143
144,5/23/2020,2020,5,23,1626709,19885,21887.714
145,5/24/2020,2020,5,24,1646821,20112,22099.857
146,5/25/2020,2020,5,25,1665995,19174,21640.286
147,5/26/2020,2020,5,26,1684687,18692,21375
148,5/27/2020,2020,5,27,1703488,18801,20798.286
149,5/28/2020,2020,5,28,1724617,21129,20232
150,5/29/2020,2020,5,29,1749394,24777,20367.143
151,5/30/2020,2020,5,30,1772108,22714,20771.286
152,5/31/2020,2020,5,31,1790871,18763,20578.571
153,6/1/2020,2020,6,1,1808724,17853,20389.857
154,6/2/2020,2020,6,2,1828784,20060,20585.286
155,6/3/2020,2020,6,3,1847869,19085,20625.857
156,6/4/2020,2020,6,4,1875676,27807,21579.857
157,6/5/2020,2020,6,5,1902014,26338,21802.857
158,6/6/2020,2020,6,6,1922168,20154,21437.143
159,6/7/2020,2020,6,7,1939976,17808,21300.714
160,6/8/2020,2020,6,8,1956893,16917,21167
161,6/9/2020,2020,6,9,1977230,20337,21206.571
162,6/10/2020,2020,6,10,1999006,21776,21591
163,6/11/2020,2020,6,11,2021315,22309,20805.571
164,6/12/2020,2020,6,12,2046869,25554,20693.571
165,6/13/2020,2020,6,13,2070998,24129,21261.429
166,6/14/2020,2020,6,14,2089949,18951,21424.714
167,6/15/2020,2020,6,15,2111054,21105,22023
168,6/16/2020,2020,6,16,2135693,24639,22637.571
169,6/17/2020,2020,6,17,2162775,27082,23395.571
170,6/18/2020,2020,6,18,2191015,28240,24242.857
171,6/19/2020,2020,6,19,2222001,30986,25018.857
172,6/20/2020,2020,6,20,2253863,31862,26123.571
173,6/21/2020,2020,6,21,2279721,25858,27110.286
174,6/22/2020,2020,6,22,2309713,29992,28379.857
175,6/23/2020,2020,6,23,2348600,38887,30415.286
176,6/24/2020,2020,6,24,2384909,36309,31733.429
177,6/25/2020,2020,6,25,2424261,39352,33320.857
178,6/26/2020,2020,6,26,2473332,49071,35904.429
179,6/27/2020,2020,6,27,2514150,40818,37183.857
180,6/28/2020,2020,6,28,2557064,42914,39620.429
181,6/29/2020,2020,6,29,2598614,41550,41271.571
182,6/30/2020,2020,6,30,2648653,50039,42864.714
183,7/1/2020,2020,7,1,2697986,49333,44725.286
184,7/2/2020,2020,7,2,2753061,55075,46971.429
185,7/3/2020,2020,7,3,2804706,51645,47339.143
186,7/4/2020,2020,7,4,2850721,46015,48081.571
187,7/5/2020,2020,7,5,2904666,53945,49657.429
188,7/6/2020,2020,7,6,2948304,43638,49955.714
189,7/7/2020,2020,7,7,3005729,57425,51010.857
190,7/8/2020,2020,7,8,3066214,60485,52604
191,7/9/2020,2020,7,9,3126021,59807,53280
192,7/10/2020,2020,7,10,3194763,68742,55722.429
193,7/11/2020,2020,7,11,3255183,60420,57780.286
194,7/12/2020,2020,7,12,3315400,60217,58676.286
195,7/13/2020,2020,7,13,3375025,59625,60960.143
196,7/14/2020,2020,7,14,3440761,65736,62147.429
197,7/15/2020,2020,7,15,3507050,66289,62976.571
198,7/16/2020,2020,7,16,3577809,70759,64541.143
199,7/17/2020,2020,7,17,3644249,66440,64212.286
200,7/18/2020,2020,7,18,3708556,64307,64767.571
201,7/19/2020,2020,7,19,3767545,58989,64592.143
202,7/20/2020,2020,7,20,3828428,60883,64771.857
203,7/21/2020,2020,7,21,3896713,68285,65136
204,7/22/2020,2020,7,22,3964160,67447,65301.429
205,7/23/2020,2020,7,23,4031937,67777,64875.429
206,7/24/2020,2020,7,24,4106881,74944,66090.286
207,7/25/2020,2020,7,25,4170626,63745,66010
208,7/26/2020,2020,7,26,4226248,55622,65529
209,7/27/2020,2020,7,27,4286249,60001,65403
210,7/28/2020,2020,7,28,4350802,64553,64869.857
211,7/29/2020,2020,7,29,4414860,64058,64385.714
212,7/30/2020,2020,7,30,4484047,69187,64587.143
213,7/31/2020,2020,7,31,4548414,64367,63076.143
214,8/1/2020,2020,8,1,4605815,57401,62169.857
215,8/2/2020,2020,8,2,4652696,46881,60921.143
216,8/3/2020,2020,8,3,4694608,41912,58337
217,8/4/2020,2020,8,4,4756240,61632,57919.714
218,8/5/2020,2020,8,5,4810376,54136,56502.286
219,8/6/2020,2020,8,6,4870428,60052,55197.286
220,8/7/2020,2020,8,7,4930868,60440,54636.286
221,8/8/2020,2020,8,8,4994638,63770,55546.143
222,8/9/2020,2020,8,9,5048799,54161,56586.143
223,8/10/2020,2020,8,10,5100446,51647,57976.857
224,8/11/2020,2020,8,11,5157319,56873,57297
225,8/12/2020,2020,8,12,5212547,55228,57453
226,8/13/2020,2020,8,13,5264001,51454,56224.714
227,8/14/2020,2020,8,14,5334086,70085,57602.571
228,8/15/2020,2020,8,15,5386403,52317,55966.429
229,8/16/2020,2020,8,16,5420976,34573,53168.143
230,8/17/2020,2020,8,17,5458976,38000,51218.571
231,8/18/2020,2020,8,18,5503966,44990,49521
232,8/19/2020,2020,8,19,5549875,45909,48189.714
233,8/20/2020,2020,8,20,5595002,45127,47285.857
234,8/21/2020,2020,8,21,5642910,47908,44117.714
235,8/22/2020,2020,8,22,5688178,45268,43110.714
236,8/23/2020,2020,8,23,5720072,31894,42728
237,8/24/2020,2020,8,24,5754163,34091,42169.571
238,8/25/2020,2020,8,25,5796717,42554,41821.571
239,8/26/2020,2020,8,26,5838902,42185,41289.571
240,8/27/2020,2020,8,27,5889331,50429,42047
241,8/28/2020,2020,8,28,5935644,46313,41819.143
242,8/29/2020,2020,8,29,5978692,43048,41502
243,8/30/2020,2020,8,30,6012851,34159,41825.571
244,8/31/2020,2020,8,31,6046380,33529,41745.286
245,9/1/2020,2020,9,1,6088346,41966,41661.286
246,9/2/2020,2020,9,2,6128452,40106,41364.286
247,9/3/2020,2020,9,3,6173647,45195,40616.571
248,9/4/2020,2020,9,4,6222300,48653,40950.857
249,9/5/2020,2020,9,5,6265509,43209,40973.857
250,9/6/2020,2020,9,6,6294577,29068,40246.571
251,9/7/2020,2020,9,7,6319279,24702,38985.571
252,9/8/2020,2020,9,8,6346374,27095,36861.143
253,9/9/2020,2020,9,9,6380208,33834,35965.143
254,9/10/2020,2020,9,10,6419837,39629,35170
255,9/11/2020,2020,9,11,6464657,44820,34622.429
256,9/12/2020,2020,9,12,6510236,45579,34961
257,9/13/2020,2020,9,13,6550533,40297,36565.143
258,9/14/2020,2020,9,14,6583448,32915,37738.429
259,9/15/2020,2020,9,15,6620866,37418,39213.143
260,9/16/2020,2020,9,16,6659219,38353,39858.714
261,9/17/2020,2020,9,17,6704658,45439,40688.714
262,9/18/2020,2020,9,18,6754866,50208,41458.429
263,9/19/2020,2020,9,19,6800484,45618,41464
264,9/20/2020,2020,9,20,6842067,41583,41647.714
265,9/21/2020,2020,9,21,6874350,32283,41557.429
266,9/22/2020,2020,9,22,6912638,38288,41681.714
267,9/23/2020,2020,9,23,6953856,41218,42091
268,9/24/2020,2020,9,24,7002801,48945,42591.857
269,9/25/2020,2020,9,25,7049818,47017,42136
270,9/26/2020,2020,9,26,7093262,43444,41825.429
271,9/27/2020,2020,9,27,7126952,33690,40697.857
272,9/28/2020,2020,9,28,7165029,38077,41525.571
273,9/29/2020,2020,9,29,7207294,42265,42093.714
274,9/30/2020,2020,9,30,7246193,38899,41762.429
275,10/1/2020,2020,10,1,7292548,46355,41392.429
276,10/2/2020,2020,10,2,7346070,53522,42321.714
277,10/3/2020,2020,10,3,7395384,49314,43160.286
278,10/4/2020,2020,10,4,7428718,33334,43109.429
279,10/5/2020,2020,10,5,7466692,37974,43094.714
280,10/6/2020,2020,10,6,7511647,44955,43479
281,10/7/2020,2020,10,7,7561166,49519,44996.143
282,10/8/2020,2020,10,8,7619354,58188,46686.571
283,10/9/2020,2020,10,9,7674670,55316,46942.857
284,10/10/2020,2020,10,10,7729845,55175,47780.143
285,10/11/2020,2020,10,11,7776666,46821,49706.857
286,10/12/2020,2020,10,12,7819640,42974,50421.143
287,10/13/2020,2020,10,13,7870231,50591,51226.286
288,10/14/2020,2020,10,14,7929316,59085,52592.857
289,10/15/2020,2020,10,15,7993118,63802,53394.857
290,10/16/2020,2020,10,16,8063390,70272,55531.429
291,10/17/2020,2020,10,17,8118143,54753,55471.143
292,10/18/2020,2020,10,18,8170377,52234,56244.429
293,10/19/2020,2020,10,19,8239132,68755,59927.429
294,10/20/2020,2020,10,20,8301623,62491,61627.429
295,10/21/2020,2020,10,21,8362927,61304,61944.429
296,10/22/2020,2020,10,22,8443092,80165,64282
297,10/23/2020,2020,10,23,8525153,82061,65966.143
298,10/24/2020,2020,10,24,8603134,77981,69284.429
299,10/25/2020,2020,10,25,8663464,60330,70441
300,10/26/2020,2020,10,26,8728006,64542,69839.143
301,10/27/2020,2020,10,27,8806928,78922,72186.429
302,10/28/2020,2020,10,28,8895217,88289,76041.429
303,10/29/2020,2020,10,29,8987904,92687,77830.286
304,10/30/2020,2020,10,30,9088385,100481,80461.714
305,10/31/2020,2020,10,31,9175079,86694,81706.429
306,11/1/2020,2020,11,1,9253139,78060,84239.286
307,11/2/2020,2020,11,2,9337141,84002,87019.286
308,11/3/2020,2020,11,3,9463947,126806,93859.857
309,11/4/2020,2020,11,4,9566029,102082,95830.286
310,11/5/2020,2020,11,5,9696013,129984,101158.429
311,11/6/2020,2020,11,6,9825007,128994,105231.714
312,11/7/2020,2020,11,7,9952081,127074,111000.286
313,11/8/2020,2020,11,8,10071438,119357,116899.857
314,11/9/2020,2020,11,9,10191031,119593,121984.286
315,11/10/2020,2020,11,10,10330286,139255,123762.714
316,11/11/2020,2020,11,11,10479823,149537,130542
317,11/12/2020,2020,11,12,10639408,159585,134770.714
318,11/13/2020,2020,11,13,10818210,178802,141886.143
319,11/14/2020,2020,11,14,10980835,162625,146964.857
320,11/15/2020,2020,11,15,11119288,138453,149692.857
321,11/16/2020,2020,11,16,11275250,155962,154888.429
322,11/17/2020,2020,11,17,11442377,167127,158870.143
323,11/18/2020,2020,11,18,11615743,173366,162274.286
324,11/19/2020,2020,11,19,11807586,191843,166882.571
325,11/20/2020,2020,11,20,12008799,201213,170084.143
326,11/21/2020,2020,11,21,12186174,177375,172191.286
327,11/22/2020,2020,11,22,12331354,145180,173152.286
328,11/23/2020,2020,11,23,12515958,184604,177244
329,11/24/2020,2020,11,24,12690773,174815,178342.286
330,11/25/2020,2020,11,25,12872053,181280,179472.857
331,11/26/2020,2020,11,26,12984736,112683,168164.286
332,11/27/2020,2020,11,27,13199977,215241,170168.286
333,11/28/2020,2020,11,28,13367264,167287,168727.143
334,11/29/2020,2020,11,29,13506870,139606,167930.857
335,11/30/2020,2020,11,30,13665579,158709,164231.571
336,12/1/2020,2020,12,1,13864276,198697,167643.286
337,12/2/2020,2020,12,2,14061337,197061,169897.714
338,12/3/2020,2020,12,3,14280756,219419,185145.714
339,12/4/2020,2020,12,4,14516002,235246,188003.571
340,12/5/2020,2020,12,5,14735717,219715,195493.286
341,12/6/2020,2020,12,6,14913806,178089,200990.857
342,12/7/2020,2020,12,7,15110340,196534,206394.429
343,12/8/2020,2020,12,8,15337683,227343,210486.714
344,12/9/2020,2020,12,9,15553453,215770,213159.429
345,12/10/2020,2020,12,10,15789176,235723,215488.571
346,12/11/2020,2020,12,11,16026118,236942,215730.857
347,12/12/2020,2020,12,12,16248700,222582,216140.429
348,12/13/2020,2020,12,13,16439326,190626,217931.429
349,12/14/2020,2020,12,14,16649797,210471,219922.429
350,12/15/2020,2020,12,15,16876987,227190,219900.571
351,12/16/2020,2020,12,16,17111222,234235,222538.429
352,12/17/2020,2020,12,17,17350386,239164,223030
353,12/18/2020,2020,12,18,17596907,246521,224398.429
354,12/19/2020,2020,12,19,17801769,204862,221867
355,12/20/2020,2020,12,20,17987935,186166,221229.857
356,12/21/2020,2020,12,21,18185551,197616,219393.429
357,12/22/2020,2020,12,22,18391296,205745,216329.857
358,12/23/2020,2020,12,23,18612128,220832,214415.143
359,12/24/2020,2020,12,24,18823663,211535,210468.143
360,12/25/2020,2020,12,25,18949178,125515,193181.571
361,12/26/2020,2020,12,26,19167138,217960,195052.714
362,12/27/2020,2020,12,27,19303283,136145,187906.857
363,12/28/2020,2020,12,28,19478066,174783,184645
364,12/29/2020,2020,12,29,19684722,206656,184775.143
365,12/30/2020,2020,12,30,19903496,218774,184481.143
366,1/1/2021,2021,1,1,20394846,177569,206524
367,1/2/2021,2021,1,2,20667294,272448,214308
368,1/3/2021,2021,1,3,20870459,203165,223882.286
369,1/4/2021,2021,1,4,21057398,186939,225618.857
370,1/5/2021,2021,1,5,21289474,232076,229250.286
371,1/6/2021,2021,1,6,21549349,259875,235121.857
372,1/7/2021,2021,1,7,21834363,285014,231012.286
373,1/8/2021,2021,1,8,22137343,302980,248928.143
374,1/9/2021,2021,1,9,22400688,263345,247627.714
375,1/10/2021,2021,1,10,22610607,209919,248592.571
376,1/11/2021,2021,1,11,22815280,204673,251126
377,1/12/2021,2021,1,12,23037545,222265,249724.429
378,1/13/2021,2021,1,13,23266262,228717,245273.286
379,1/14/2021,2021,1,14,23501211,234949,238121.143
380,1/15/2021,2021,1,15,23745594,244383,229750.143
381,1/16/2021,2021,1,16,23962505,216911,223116.714
382,1/17/2021,2021,1,17,24138640,176135,218290.429
383,1/18/2021,2021,1,18,24279911,141271,209233
384,1/19/2021,2021,1,19,24436902,156991,199908.143
385,1/20/2021,2021,1,20,24624580,187678,194045.429
386,1/21/2021,2021,1,21,24816648,192068,187919.571
387,1/22/2021,2021,1,22,25008098,191450,180357.714
388,1/23/2021,2021,1,23,25185342,177244,174691
389,1/24/2021,2021,1,24,25325124,139782,169497.714
390,1/25/2021,2021,1,25,25455153,130029,167891.714
391,1/26/2021,2021,1,26,25606429,151276,167075.286
392,1/27/2021,2021,1,27,25761633,155204,162436.143
393,1/28/2021,2021,1,28,25928343,166710,158813.571
394,1/29/2021,2021,1,29,26091655,163312,154793.857
395,1/30/2021,2021,1,30,26242023,150368,150954.429
396,1/31/2021,2021,1,31,26354576,112553,147064.571
397,2/1/2021,2021,2,1,26480471,125895,146474
398,2/2/2021,2021,2,2,26597942,117471,141644.714
399,2/3/2021,2021,2,3,26722374,124432,137248.714
400,2/4/2021,2021,2,4,26847027,124653,131240.571
401,2/5/2021,2021,2,5,26977453,130426,126542.571
402,2/6/2021,2021,2,6,27093694,116241,121667.286
403,2/7/2021,2021,2,7,27182859,89165,118326.143
404,2/8/2021,2021,2,8,27266062,83203,112227.286
405,2/9/2021,2021,2,9,27361764,95702,109117.429
406,2/10/2021,2021,2,10,27457468,95704,105013.429
407,2/11/2021,2021,2,11,27563636,106168,102372.714
408,2/12/2021,2021,2,12,27663207,99571,97964.857
409,2/13/2021,2021,2,13,27753535,90328,94263
410,2/14/2021,2021,2,14,27821725,68190,91266.571
411,2/15/2021,2021,2,15,27877891,56166,87404.143
412,2/16/2021,2021,2,16,27937714,59823,82278.571
413,2/17/2021,2021,2,17,28006705,68991,78462.429
414,2/18/2021,2021,2,18,28078953,72248,73616.714
415,2/19/2021,2021,2,19,28153825,74872,70088.286
416,2/20/2021,2021,2,20,28227362,73537,67689.571
417,2/21/2021,2021,2,21,28282609,55247,65840.571
418,2/22/2021,2021,2,22,28338682,56073,65827.286
419,2/23/2021,2021,2,23,28412503,73821,67827
420,2/24/2021,2021,2,24,28487518,75015,68687.571
421,2/25/2021,2021,2,25,28564595,77077,69377.429
422,2/26/2021,2021,2,26,28639537,74942,69387.429
423,2/27/2021,2021,2,27,28710345,70808,68997.571
424,2/28/2021,2021,2,28,28761998,51653,68484.143
425,3/1/2021,2021,3,1,28812153,50155,67638.714
426,3/2/2021,2021,3,2,28870820,58667,65473.857
427,3/3/2021,2021,3,3,28937902,67082,64340.571
428,3/4/2021,2021,3,4,29006382,68480,63112.429
429,3/5/2021,2021,3,5,29073585,67203,62006.857
430,3/6/2021,2021,3,6,29134332,60747,60569.571
431,3/7/2021,2021,3,7,29175872,41540,59124.857
432,3/8/2021,2021,3,8,29220671,44799,58359.714
433,3/9/2021,2021,3,9,29276496,55825,57953.714
434,3/10/2021,2021,3,10,29334214,57718,56616
435,3/11/2021,2021,3,11,29395974,61760,55656
436,3/12/2021,2021,3,12,29458257,62283,54953.143
437,3/13/2021,2021,3,13,29514523,56266,54313
438,3/14/2021,2021,3,14,29553086,38563,53887.714
439,3/15/2021,2021,3,15,29604650,51564,54854.143
440,3/16/2021,2021,3,16,29659725,55075,54747
441,3/17/2021,2021,3,17,29719607,59882,55056.143
442,3/18/2021,2021,3,18,29781813,62206,55119.857
443,3/19/2021,2021,3,19,29842725,60912,54924
444,3/20/2021,2021,3,20,29900975,58250,55207.429
445,3/21/2021,2021,3,21,29936382,35407,54756.571
446,3/22/2021,2021,3,22,29984817,48435,54309.571
447,3/23/2021,2021,3,23,30037578,52761,53979
448,3/24/2021,2021,3,24,30125413,87835,57972.286
449,3/25/2021,2021,3,25,30192801,67388,58712.571
450,3/26/2021,2021,3,26,30268940,76139,60887.857
451,3/27/2021,2021,3,27,30332724,63784,61678.429
452,3/28/2021,2021,3,28,30379096,46372,63244.857
453,3/29/2021,2021,3,29,30445769,66673,65850.286
454,3/30/2021,2021,3,30,30507992,62223,67202
455,3/31/2021,2021,3,31,30577402,69410,64569.857
456,4/1/2021,2021,4,1,30654252,76850,65921.571
457,4/2/2021,2021,4,2,30728134,73882,65599.143
458,4/3/2021,2021,4,3,30792630,64496,65700.857
459,4/4/2021,2021,4,4,30830497,37867,64485.857
460,4/5/2021,2021,4,5,30898748,68251,64711.286
461,4/6/2021,2021,4,6,30962137,63389,64877.857
462,4/7/2021,2021,4,7,31037894,75757,65784.571
463,4/8/2021,2021,4,8,31117737,79843,66212.143
464,4/9/2021,2021,4,9,31202155,84418,67717.286
465,4/10/2021,2021,4,10,31272500,70345,68552.857
466,4/11/2021,2021,4,11,31319825,47325,69904
467,4/12/2021,2021,4,12,31383054,63229,69186.571
468,4/13/2021,2021,4,13,31463745,80691,71658.286
469,4/14/2021,2021,4,14,31538727,74982,71547.571
470,4/15/2021,2021,4,15,31612946,74219,70744.143
471,4/16/2021,2021,4,16,31695715,82769,70508.571
472,4/17/2021,2021,4,17,31751070,55355,68367.143
473,4/18/2021,2021,4,18,31794890,43820,67866.429
474,4/19/2021,2021,4,19,31854760,59870,67386.571
475,4/20/2021,2021,4,20,31917065,62305,64760
476,4/21/2021,2021,4,21,31981776,64711,63292.714
477,4/22/2021,2021,4,22,32047960,66184,62144.857
478,4/23/2021,2021,4,23,32110633,62673,59274
479,4/24/2021,2021,4,24,32164920,54287,59121.429
480,4/25/2021,2021,4,25,32199321,34401,57775.857
481,4/26/2021,2021,4,26,32242630,43309,55410
482,4/27/2021,2021,4,27,32294651,52021,53940.857
483,4/28/2021,2021,4,28,32350518,55867,52677.429
484,4/29/2021,2021,4,29,32408200,57682,51462.857
485,4/30/2021,2021,4,30,32465936,57736,50757.571
486,5/1/2021,2021,5,1,32514095,48159,49882.143
487,5/2/2021,2021,5,2,32544689,30594,49338.286
488,5/3/2021,2021,5,3,32590088,45399,49636.857
489,5/4/2021,2021,5,4,32632806,42718,48307.857
490,5/5/2021,2021,5,5,32678622,45816,46872
491,5/6/2021,2021,5,6,32724552,45930,45193.143
492,5/7/2021,2021,5,7,32772730,48178,43827.714
493,5/8/2021,2021,5,8,32807685,34955,41941.429
494,5/9/2021,2021,5,9,32830420,22735,40818.714
495,5/10/2021,2021,5,10,32863232,32812,39020.571
496,5/11/2021,2021,5,11,32898507,35275,37957.286
497,5/12/2021,2021,5,12,32934482,35975,36551.429
498,5/13/2021,2021,5,13,32972355,37873,35400.429
499,5/14/2021,2021,5,14,33013956,41601,34460.857
500,5/15/2021,2021,5,15,33044423,30467,33819.714
501,5/16/2021,2021,5,16,33062055,17632,33090.714
502,5/17/2021,2021,5,17,33087585,25530,32050.429
503,5/18/2021,2021,5,18,33116593,29008,31155.143
504,5/19/2021,2021,5,19,33145663,29070,30168.714
505,5/20/2021,2021,5,20,33175656,29993,29043
506,5/21/2021,2021,5,21,33204333,28677,27196.714
507,5/22/2021,2021,5,22,33225238,20905,25830.714
508,5/23/2021,2021,5,23,33239023,13785,25281.143
509,5/24/2021,2021,5,24,33261193,22170,24801.143
510,5/25/2021,2021,5,25,33284990,23797,24056.714
511,5/26/2021,2021,5,26,33309362,24372,23385.571
512,5/27/2021,2021,5,27,33335897,26535,22891.571
513,5/28/2021,2021,5,28,33357821,21924,21926.857
514,5/29/2021,2021,5,29,33370799,12978,20794.429
515,5/30/2021,2021,5,30,33378003,7204,19854.286
516,5/31/2021,2021,5,31,33384352,6349,17594.143
517,6/1/2021,2021,6,1,33405441,21089,17207.286
518,6/2/2021,2021,6,2,33422027,16586,16095
519,6/3/2021,2021,6,3,33440007,17980,14872.857
520,6/4/2021,2021,6,4,33457544,17537,14246.143
521,6/5/2021,2021,6,5,33472700,15156,14557.286
522,6/6/2021,2021,6,6,33478596,5896,14370.429
523,6/7/2021,2021,6,7,33492785,14189,15490.429
524,6/8/2021,2021,6,8,33505579,12794,14305.429
525,6/9/2021,2021,6,9,33523786,18207,14537
526,6/10/2021,2021,6,10,33538301,14515,14042
527,6/11/2021,2021,6,11,33562817,24516,15039
528,6/12/2021,2021,6,12,33571638,8821,14134
529,6/13/2021,2021,6,13,33576664,5026,14009.714
530,6/14/2021,2021,6,14,33588568,11904,13683.286
531,6/15/2021,2021,6,15,33599214,10646,13376.429
532,6/16/2021,2021,6,16,33610967,11753,12454.429
533,6/17/2021,2021,6,17,33622486,11519,12026.429
534,6/18/2021,2021,6,18,33643470,20984,11521.857
535,6/19/2021,2021,6,19,33652355,8885,11531
536,6/20/2021,2021,6,20,33657280,4925,11516.571
537,6/21/2021,2021,6,21,33668012,10732,11349.143
538,6/22/2021,2021,6,22,33678780,10768,11366.571
539,6/23/2021,2021,6,23,33691278,12498,11473
540,6/24/2021,2021,6,24,33705471,14193,11855
541,6/25/2021,2021,6,25,33729993,24522,12360.429
542,6/26/2021,2021,6,26,33739052,9059,12385.286
543,6/27/2021,2021,6,27,33743711,4659,12347.286
544,6/28/2021,2021,6,28,33757481,13770,12781.286
545,6/29/2021,2021,6,29,33765007,7526,12318.143
546,6/30/2021,2021,6,30,33780292,15285,12716.286
547,7/1/2021,2021,7,1,33795213,14921,12820.286
548,7/2/2021,2021,7,2,33824831,29618,13548.286
549,7/3/2021,2021,7,3,33830101,5270,13007
550,7/4/2021,2021,7,4,33834366,4265,12950.714
551,7/5/2021,2021,7,5,33843527,9161,12292.286
552,7/6/2021,2021,7,6,33866100,22573,14441.857
553,7/7/2021,2021,7,7,33886248,20148,15136.571
554,7/8/2021,2021,7,8,33907126,20878,15987.571
555,7/9/2021,2021,7,9,33954115,46989,18469.143
556,7/10/2021,2021,7,10,33964132,10017,19147.286
557,7/11/2021,2021,7,11,33975894,11762,20218.286
558,7/12/2021,2021,7,12,34005555,29661,23146.857
559,7/13/2021,2021,7,13,34032030,26475,23704.286
560,7/14/2021,2021,7,14,34063178,31148,25275.714
561,7/15/2021,2021,7,15,34095120,31942,26856.286
562,7/16/2021,2021,7,16,34173152,78032,31291
563,7/17/2021,2021,7,17,34187218,14066,31869.429
564,7/18/2021,2021,7,18,34207588,20370,33099.143
565,7/19/2021,2021,7,19,34256815,49227,35894.286
566,7/20/2021,2021,7,20,34296703,39888,37810.429
567,7/21/2021,2021,7,21,34344574,47871,40199.429
568,7/22/2021,2021,7,22,34401010,56436,43698.571
569,7/23/2021,2021,7,23,34521815,120805,49809
570,7/24/2021,2021,7,24,34551164,29349,51992.286
571,7/25/2021,2021,7,25,34579789,28625,53171.571
572,7/26/2021,2021,7,26,34658344,78555,57361.286
573,7/27/2021,2021,7,27,34723415,65071,60958.857
574,7/28/2021,2021,7,28,34796997,73582,64631.857
575,7/29/2021,2021,7,29,34869359,72362,66907
576,7/30/2021,2021,7,30,35060540,191181,76960.714
577,7/31/2021,2021,7,31,35105211,44671,79149.571
578,8/1/2021,2021,8,1,35150588,45377,81542.714
579,8/2/2021,2021,8,2,35258109,107521,85680.714
580,8/3/2021,2021,8,3,35356078,97969,90380.429
581,8/4/2021,2021,8,4,35458585,102507,94512.571
582,8/5/2021,2021,8,5,35568175,109590,99830.857
583,8/6/2021,2021,8,6,35820086,251911,108506.571
584,8/7/2021,2021,8,7,35883967,63881,111250.857
585,8/8/2021,2021,8,8,35919653,35686,109866.429
586,8/9/2021,2021,8,9,36078084,158431,117139.286
587,8/10/2021,2021,8,10,36196276,118192,120028.286
588,8/11/2021,2021,8,11,36350856,154580,127467.286
589,8/12/2021,2021,8,12,36494667,143811,132356
590,8/13/2021,2021,8,13,36721512,226845,128775.143
591,8/14/2021,2021,8,14,36795687,74175,130245.714
592,8/15/2021,2021,8,15,36843549,47862,131985.143
593,8/16/2021,2021,8,16,37036907,193358,136974.714
594,8/17/2021,2021,8,17,37188019,151112,141677.571
595,8/18/2021,2021,8,18,37355370,167351,143502
596,8/19/2021,2021,8,19,37510648,155278,145140.143
597,8/20/2021,2021,8,20,37749782,239134,146895.714
598,8/21/2021,2021,8,21,37843285,93503,149656.857
599,8/22/2021,2021,8,22,37888643,45358,149299.143
600,8/23/2021,2021,8,23,38094828,206185,151131.571
601,8/24/2021,2021,8,24,38250021,155193,151714.571
602,8/25/2021,2021,8,25,38429229,179208,153408.429
603,8/26/2021,2021,8,26,38612991,183762,157477.571
604,8/27/2021,2021,8,27,38851349,238358,157366.714
605,8/28/2021,2021,8,28,38931484,80135,155457
606,8/29/2021,2021,8,29,38984659,53175,156573.714
607,8/30/2021,2021,8,30,39212589,227930,159680.143
608,8/31/2021,2021,8,31,39392558,179969,163219.571
609,9/1/2021,2021,9,1,39583166,190608,164848.143
610,9/2/2021,2021,9,2,39762235,179069,164177.714
611,9/3/2021,2021,9,3,39997486,235251,163733.857
612,9/4/2021,2021,9,4,40084785,87299,164757.286
613,9/5/2021,2021,9,5,40149466,64681,166401
614,9/6/2021,2021,9,6,40239455,89989,146695.143
615,9/7/2021,2021,9,7,40449500,210045,150991.714
616,9/8/2021,2021,9,8,40627269,177769,149157.571
617,9/9/2021,2021,9,9,40793927,166658,147384.571
618,9/10/2021,2021,9,10,41035758,241831,148324.571
619,9/11/2021,2021,9,11,41126207,90449,148774.571
620,9/12/2021,2021,9,12,41175777,49570,146615.857
621,9/13/2021,2021,9,13,41383504,207727,163435.571
622,9/14/2021,2021,9,14,41529042,145538,154220.286
623,9/15/2021,2021,9,15,41702460,173418,153598.714
624,9/16/2021,2021,9,16,41861066,158606,152448.429
625,9/17/2021,2021,9,17,42071776,210710,148002.571
626,9/18/2021,2021,9,18,42148029,76253,145974.571
627,9/19/2021,2021,9,19,42194032,46003,145465
628,9/20/2021,2021,9,20,42363449,169417,139992.143
629,9/21/2021,2021,9,21,42485269,121820,136603.857
630,9/22/2021,2021,9,22,42617000,131731,130648.571
631,9/23/2021,2021,9,23,42746034,129034,126424
632,9/24/2021,2021,9,24,42920679,174645,121271.857
633,9/25/2021,2021,9,25,42982529,61850,119214.286
634,9/26/2021,2021,9,26,43038156,55627,120589.143
635,9/27/2021,2021,9,27,43192091,153935,118377.429
636,9/28/2021,2021,9,28,43305233,113142,117137.714
637,9/29/2021,2021,9,29,43427233,122000,115747.571
638,9/30/2021,2021,9,30,43537322,110089,113041.143
639,10/1/2021,2021,10,1,43692231,154909,110221.714
640,10/2/2021,2021,10,2,43741985,49754,108493.714
641,10/3/2021,2021,10,3,43788213,46228,107151
642,10/4/2021,2021,10,4,43928810,140597,105245.571
643,10/5/2021,2021,10,5,44024290,95480,102722.429
644,10/6/2021,2021,10,6,44137144,112854,101415.857
645,10/7/2021,2021,10,7,44238177,101033,100122.143
646,10/8/2021,2021,10,8,44368807,130630,96653.714
647,10/9/2021,2021,10,9,44409122,40315,95305.286
648,10/10/2021,2021,10,10,44450115,40993,94557.429
649,10/11/2021,2021,10,11,44542981,92866,87738.714
650,10/12/2021,2021,10,12,44653925,110944,89947.857
651,10/13/2021,2021,10,13,44762337,108412,89313.286
652,10/14/2021,2021,10,14,44848461,86124,87183.429
653,10/15/2021,2021,10,15,44957308,108847,84071.571
654,10/16/2021,2021,10,16,44998657,41349,84219.286
655,10/17/2021,2021,10,17,45031829,33172,83102
656,10/18/2021,2021,10,18,45128482,96653,83643
657,10/19/2021,2021,10,19,45211081,82599,79593.714
658,10/20/2021,2021,10,20,45303399,92318,77294.571
659,10/21/2021,2021,10,21,45380670,77271,76029.857
660,10/22/2021,2021,10,22,45476638,95968,74190
661,10/23/2021,2021,10,23,45510914,34276,73179.571
662,10/24/2021,2021,10,24,45531866,20952,71433.857
663,10/25/2021,2021,10,25,45641354,109488,73267.429
664,10/26/2021,2021,10,26,45708975,67621,71127.714
665,10/27/2021,2021,10,27,45811504,102529,72586.429
666,10/28/2021,2021,10,28,45886029,74525,72194.143
667,10/29/2021,2021,10,29,45980865,94836,72032.429
668,10/30/2021,2021,10,30,46017121,36256,72315.286
669,10/31/2021,2021,10,31,46051127,34006,74180.143
670,11/1/2021,2021,11,1,46160981,109854,74232.429
671,11/2/2021,2021,11,2,46231009,70028,74576.286
672,11/3/2021,2021,11,3,46317775,86766,72324.429
673,11/4/2021,2021,11,4,46399016,81241,73283.857
674,11/5/2021,2021,11,5,46496149,97133,73612
675,11/6/2021,2021,11,6,46533409,37260,73755.429
676,11/7/2021,2021,11,7,46572379,38970,74464.571
677,11/8/2021,2021,11,8,46679709,107330,74104
678,11/9/2021,2021,11,9,46759617,79908,75515.429
679,11/10/2021,2021,11,10,46854861,95244,76726.571
680,11/11/2021,2021,11,11,46912399,57538,73340.429
681,11/12/2021,2021,11,12,47056529,144130,80054.286
682,11/13/2021,2021,11,13,47102697,46168,81326.857
683,11/14/2021,2021,11,14,47136568,33871,80598.429
684,11/15/2021,2021,11,15,47267631,131063,83988.857
685,11/16/2021,2021,11,16,47355616,87985,85142.714
686,11/17/2021,2021,11,17,47468146,112530,87612.143
687,11/18/2021,2021,11,18,47576683,108537,94897.714
688,11/19/2021,2021,11,19,47702950,126267,92345.857
689,11/20/2021,2021,11,20,47750136,47186,92491.286
690,11/21/2021,2021,11,21,47791631,41495,93580.429
691,11/22/2021,2021,11,22,47932606,140975,94996.429
692,11/23/2021,2021,11,23,48024244,91638,95518.286
693,11/24/2021,2021,11,24,48135596,111352,95350
694,11/25/2021,2021,11,25,48172964,37368,85183
695,11/26/2021,2021,11,26,48227648,54684,74956.857
696,11/27/2021,2021,11,27,48256043,28395,72272.429
697,11/28/2021,2021,11,28,48301123,45080,72784.571
698,11/29/2021,2021,11,29,48486296,185173,79098.571
699,11/30/2021,2021,11,30,48603746,117450,82786
700,12/1/2021,2021,12,1,48740686,136940,86441.429
701,12/2/2021,2021,12,2,48878881,138195,100845.286
702,12/3/2021,2021,12,3,49036820,157939,115596
703,12/4/2021,2021,12,4,49104737,67917,121242
704,12/5/2021,2021,12,5,49161194,56457,122867.286
705,12/6/2021,2021,12,6,49336266,175072,121424.286
706,12/7/2021,2021,12,7,49448585,112319,120691.286
707,12/8/2021,2021,12,8,49597996,149411,122472.857
708,12/9/2021,2021,12,9,49721771,123775,120412.857
709,12/10/2021,2021,12,10,49879273,157502,120350.429
710,12/11/2021,2021,12,11,49936896,57623,118879.857
711,12/12/2021,2021,12,12,49990274,53378,118440
712,12/13/2021,2021,12,13,50173655,183381,119627
713,12/14/2021,2021,12,14,50286874,113219,119755.571
714,12/15/2021,2021,12,15,50432588,145714,119227.429
715,12/16/2021,2021,12,16,50574601,142013,121832.857
716,12/17/2021,2021,12,17,50767211,192610,126848.286
717,12/18/2021,2021,12,18,50848757,81546,130265.857
718,12/19/2021,2021,12,19,50939661,90904,135626.714
719,12/20/2021,2021,12,20,51180897,241236,143891.714
720,12/21/2021,2021,12,21,51363043,182146,153738.429
721,12/22/2021,2021,12,22,51611032,247989,168349.143
722,12/23/2021,2021,12,23,51885176,274144,187225
723,12/24/2021,2021,12,24,52133388,248212,195168.143
724,12/25/2021,2021,12,25,52221675,88287,196131.143
725,12/26/2021,2021,12,26,52405595,183920,209419.143
726,12/27/2021,2021,12,27,52911654,506059,247251
727,12/28/2021,2021,12,28,53283756,372102,274387.571
728,12/29/2021,2021,12,29,53795201,511445,312024.143
729,12/30/2021,2021,12,30,54392679,597478,358214.714
730,12/31/2021,2021,12,31,54904612,511933,395889.143
731,1/1/2022,2022,1,1,55096746,192134,410724.429
732,1/2/2022,2022,1,2,55393072,296326,426782.429
733,1/3/2022,2022,1,3,56436349,1043277,503527.857
734,1/4/2022,2022,1,4,57264485,828136,568675.571
735,1/5/2022,2022,1,5,57940714,676229,592216.143
736,1/6/2022,2022,1,6,58784261,843547,627368.857
737,1/7/2022,2022,1,7,59663842,879581,679890
738,1/8/2022,2022,1,8,60071614,407772,710695.429
739,1/9/2022,2022,1,9,60564944,493330,738838.857
740,1/10/2022,2022,1,10,61920186,1355242,783405.286
741,1/11/2022,2022,1,11,62705437,785251,777278.857
742,1/12/2022,2022,1,12,63559906,854469,802741.714
743,1/13/2022,2022,1,13,64424061,864155,805685.714
744,1/14/2022,2022,1,14,65303789,879728,805706.714
745,1/15/2022,2022,1,15,65719899,416110,806897.857
746,1/16/2022,2022,1,16,66206002,486103,805865.429
747,1/17/2022,2022,1,17,66865370,659368,706454.857
748,1/18/2022,2022,1,18,67998132,1132762,756099.286
749,1/19/2022,2022,1,19,68909030,910898,764160.571
750,1/20/2022,2022,1,20,69638263,729233,744886
751,1/21/2022,2022,1,21,70465326,827063,737362.429
752,1/22/2022,2022,1,22,70773428,308102,721932.714
753,1/23/2022,2022,1,23,71143493,370065,705355.857
754,1/24/2022,2022,1,24,72054056,910563,741240.857
755,1/25/2022,2022,1,25,72546442,492386,649758.571
756,1/26/2022,2022,1,26,73224011,677569,616425.857
757,1/27/2022,2022,1,27,73726955,502944,584098.857
758,1/28/2022,2022,1,28,74340066,613111,553534.286
759,1/29/2022,2022,1,29,74521696,181630,535466.857
760,1/30/2022,2022,1,30,74722178,200482,511240.714
761,1/31/2022,2022,1,31,75258747,536569,457813
762,2/1/2022,2022,2,1,75585035,326288,434084.714
763,2/2/2022,2022,2,2,75912776,327741,384109.286
764,2/3/2022,2022,2,3,76186060,273284,351300.714
765,2/4/2022,2022,2,4,76541116,355056,314435.714
766,2/5/2022,2022,2,5,76629050,87934,301050.571
767,2/6/2022,2022,2,6,76713810,84760,284518.857
768,2/7/2022,2022,2,7,77057211,343401,256923.429
769,2/8/2022,2022,2,8,77270979,213768,240849.143
770,2/9/2022,2022,2,9,77458450,187471,220810.571
771,2/10/2022,2022,2,10,77628809,170359,206107
772,2/11/2022,2022,2,11,77837274,208465,185165.429
773,2/12/2022,2022,2,12,77889912,52638,180123.143
774,2/13/2022,2022,2,13,77948982,59070,176453.143
775,2/14/2022,2022,2,14,78116585,167603,151339.143
776,2/15/2022,2022,2,15,78227074,110489,136585
777,2/16/2022,2022,2,16,78341001,113927,126078.714
778,2/17/2022,2022,2,17,78441707,100706,116128.286
779,2/18/2022,2022,2,18,78585700,143993,106918
780,2/19/2022,2022,2,19,78617677,31977,103966.429
781,2/20/2022,2022,2,20,78641183,23506,98885.857
782,2/21/2022,2022,2,21,78721067,79884,86354.571
783,2/22/2022,2022,2,22,78810248,89181,83310.571
784,2/23/2022,2022,2,23,78894381,84133,79054.286
785,2/24/2022,2022,2,24,78960850,66469,74163.286
786,2/25/2022,2022,2,25,79034541,73691,64120.143
787,2/26/2022,2022,2,26,79082260,47719,66369
788,2/27/2022,2022,2,27,79100775,18515,65656
789,2/28/2022,2022,2,28,79197676,96901,68087
790,3/1/2022,2022,3,1,79244083,46407,61976.429
791,3/2/2022,2022,3,2,79297161,53078,57540
792,3/3/2022,2022,3,3,79345617,48456,54966.714
793,3/4/2022,2022,3,4,79396319,50702,51682.571
794,3/5/2022,2022,3,5,79411525,15206,47037.857
795,3/6/2022,2022,3,6,79424129,12604,46193.429
796,3/7/2022,2022,3,7,79485665,61536,41141.286
797,3/8/2022,2022,3,8,79515125,29460,38720.286
798,3/9/2022,2022,3,9,79552158,37033,36428.143
799,3/10/2022,2022,3,10,79597928,45770,36044.429
800,3/11/2022,2022,3,11,79646783,48855,35780.571
801,3/12/2022,2022,3,12,79657251,10468,35103.714
802,3/13/2022,2022,3,13,79668530,11279,34914.429
803,3/14/2022,2022,3,14,79703064,34534,31057
804,3/15/2022,2022,3,15,79726569,23505,30206.286
805,3/16/2022,2022,3,16,79777823,51254,32237.857
806,3/17/2022,2022,3,17,79829849,52026,33131.571
807,3/18/2022,2022,3,18,79861570,31721,30683.857
808,3/19/2022,2022,3,19,79872672,11102,30774.429
809,3/20/2022,2022,3,20,79884325,11653,30827.857
810,3/21/2022,2022,3,21,79925796,41471,31818.857
811,3/22/2022,2022,3,22,79947023,21227,31493.429
812,3/23/2022,2022,3,23,79986954,39931,29875.857
813,3/24/2022,2022,3,24,80029055,42101,28458
814,3/25/2022,2022,3,25,80073496,44441,30275.143
815,3/26/2022,2022,3,26,80083182,9686,30072.857
816,3/27/2022,2022,3,27,80095202,12020,30125.286
817,3/28/2022,2022,3,28,80132910,37708,29587.714
818,3/29/2022,2022,3,29,80156152,23242,29875.571
819,3/30/2022,2022,3,30,80194288,38136,29619.143
820,3/31/2022,2022,3,31,80238782,44494,29961
821,4/1/2022,2022,4,1,80269939,31157,28063.286
822,4/2/2022,2022,4,2,80281966,12027,28397.714
823,4/3/2022,2022,4,3,80286954,4988,27393.143
824,4/4/2022,2022,4,4,80325079,38125,27452.714
825,4/5/2022,2022,4,5,80350051,24972,27699.857
826,4/6/2022,2022,4,6,80389975,39924,27955.286
827,4/7/2022,2022,4,7,80439655,49680,28696.143
828,4/8/2022,2022,4,8,80512845,73190,34700.857
829,4/9/2022,2022,4,9,80525900,13055,34847.714
830,4/10/2022,2022,4,10,80535714,9814,35537.143
831,4/11/2022,2022,4,11,80573840,38126,35537.286
832,4/12/2022,2022,4,12,80609065,35225,37002
833,4/13/2022,2022,4,13,80665141,56076,39309.429
834,4/14/2022,2022,4,14,80712999,47858,39049.143
835,4/15/2022,2022,4,15,80747193,34194,33478.286
836,4/16/2022,2022,4,16,80759998,12805,33442.571
837,4/17/2022,2022,4,17,80767920,7922,33172.286
838,4/18/2022,2022,4,18,80827495,59575,36236.429
839,4/19/2022,2022,4,19,80865988,38493,36703.286
840,4/20/2022,2022,4,20,80933793,67805,38378.857
841,4/21/2022,2022,4,21,80994263,60470,40180.571
842,4/22/2022,2022,4,22,81083086,88823,47984.714
843,4/23/2022,2022,4,23,81103363,20277,49052.143
844,4/24/2022,2022,4,24,81117334,13971,49916.286
845,4/25/2022,2022,4,25,81185607,68273,51158.857
846,4/26/2022,2022,4,26,81230763,45156,52110.714
847,4/27/2022,2022,4,27,81320589,89826,55256.571
848,4/28/2022,2022,4,28,81397714,77125,57635.857
849,4/29/2022,2022,4,29,81458966,61252,53697.143
850,4/30/2022,2022,4,30,81483611,24645,54321.143
851,5/1/2022,2022,5,1,81500965,17354,54804.429
852,5/2/2022,2022,5,2,81594867,93902,58465.714
853,5/3/2022,2022,5,3,81644795,49928,59147.429
854,5/4/2022,2022,5,4,81757153,112358,62366.286
855,5/5/2022,2022,5,5,81845485,88332,63967.286
856,5/6/2022,2022,5,6,81974547,129062,73654.429
857,5/7/2022,2022,5,7,82003233,28686,74231.714
858,5/8/2022,2022,5,8,82009831,6598,72695.143
859,5/9/2022,2022,5,9,82139048,129217,77740.143
860,5/10/2022,2022,5,10,82209771,70723,80710.857
861,5/11/2022,2022,5,11,82370813,161042,87665.714
862,5/12/2022,2022,5,12,82476284,105471,90114.143
863,5/13/2022,2022,5,13,82563550,87266,84143.286
864,5/14/2022,2022,5,14,82581670,18120,82633.857
865,5/15/2022,2022,5,15,82614791,33121,86422.857
866,5/16/2022,2022,5,16,82791756,176965,93244
867,5/17/2022,2022,5,17,82877229,85473,95351.143
868,5/18/2022,2022,5,18,83081111,203882,101471.143
869,5/19/2022,2022,5,19,83216584,135473,105757.143
870,5/20/2022,2022,5,20,83365370,148786,114545.714
871,5/21/2022,2022,5,21,83393472,28102,115971.714
872,5/22/2022,2022,5,22,83406835,13363,113149.143
873,5/23/2022,2022,5,23,83555883,149048,109161
874,5/24/2022,2022,5,24,83639751,83868,108931.714
875,5/25/2022,2022,5,25,83850513,210762,109914.571
876,5/26/2022,2022,5,26,83985830,135317,109892.286
877,5/27/2022,2022,5,27,84093833,108003,104066.143
878,5/28/2022,2022,5,28,84108032,14199,102080
879,5/29/2022,2022,5,29,84115090,7058,101179.286
880,5/30/2022,2022,5,30,84177548,62458,88809.286
881,5/31/2022,2022,5,31,84344884,167336,100733.286
882,6/1/2022,2022,6,1,84573842,228958,103332.714
883,6/2/2022,2022,6,2,84695970,122128,101448.571
884,6/3/2022,2022,6,3,84852963,156993,108447.143
885,6/4/2022,2022,6,4,84881018,28055,110426.571
886,6/5/2022,2022,6,5,84897301,16283,111744.429
887,6/6/2022,2022,6,6,85057047,159746,125642.714
888,6/7/2022,2022,6,7,85143929,86882,114149.286
889,6/8/2022,2022,6,8,85342847,198918,109857.857
890,6/9/2022,2022,6,9,85474475,131628,111215
891,6/10/2022,2022,6,10,85580687,106212,103960.571
892,6/11/2022,2022,6,11,85615921,35234,104986.143
893,6/12/2022,2022,6,12,85633683,17762,105197.429
894,6/13/2022,2022,6,13,85785439,151756,104056
895,6/14/2022,2022,6,14,85875634,90195,104529.286
896,6/15/2022,2022,6,15,86060798,185164,102564.429
897,6/16/2022,2022,6,16,86190535,129737,102294.286
898,6/17/2022,2022,6,17,86329378,138843,106955.857
899,6/18/2022,2022,6,18,86347068,17690,104449.571
900,6/19/2022,2022,6,19,86365131,18063,104492.571
901,6/20/2022,2022,6,20,86461144,96013,96529.286
902,6/21/2022,2022,6,21,86572522,111378,99555.429
903,6/22/2022,2022,6,22,86758188,185666,99627.143
904,6/23/2022,2022,6,23,86896586,138398,100864.429
905,6/24/2022,2022,6,24,87013751,117165,97767.571
906,6/25/2022,2022,6,25,87054658,40907,101084.286
907,6/26/2022,2022,6,26,87076941,22283,101687.143
908,6/27/2022,2022,6,27,87237180,160239,110862.286
909,6/28/2022,2022,6,28,87335073,97893,108935.857
910,6/29/2022,2022,6,29,87525344,190271,109593.714
911,6/30/2022,2022,6,30,87692775,167431,113741.286
912,7/1/2022,2022,7,1,87849628,156853,119411
913,7/2/2022,2022,7,2,87869972,20344,116473.429
914,7/3/2022,2022,7,3,87878416,8444,114496.429
915,7/4/2022,2022,7,4,87954698,76282,102502.571
916,7/5/2022,2022,7,5,88096602,141904,108789.857
917,7/6/2022,2022,7,6,88297336,200734,110284.571
918,7/7/2022,2022,7,7,88436172,138836,106199.571
919,7/8/2022,2022,7,8,88573901,137729,103467.571
920,7/9/2022,2022,7,9,88602889,28988,104702.429
921,7/10/2022,2022,7,10,88627422,24533,107000.857
922,7/11/2022,2022,7,11,88828709,201287,124858.714
923,7/12/2022,2022,7,12,88976946,148237,125763.429
924,7/13/2022,2022,7,13,89181619,204673,126326.143
925,7/14/2022,2022,7,14,89356778,175159,131515.143
926,7/15/2022,2022,7,15,89509958,153180,133722.429
927,7/16/2022,2022,7,16,89549155,39197,135180.857
928,7/17/2022,2022,7,17,89578761,29606,135905.571
929,7/18/2022,2022,7,18,89744035,165274,130760.857
930,7/19/2022,2022,7,19,89861313,117278,126338.143
931,7/20/2022,2022,7,20,90078062,216749,128063.286
932,7/21/2022,2022,7,21,90253512,175450,128104.857
933,7/22/2022,2022,7,22,90384904,131392,124992.286
934,7/23/2022,2022,7,23,90411234,26330,123154.143
935,7/24/2022,2022,7,24,90434482,23248,122245.857
936,7/25/2022,2022,7,25,90624438,189956,125771.857
937,7/26/2022,2022,7,26,90756647,132209,127904.857
938,7/27/2022,2022,7,27,90996776,240129,131244.857
939,7/28/2022,2022,7,28,91173824,177048,131473.143
940,7/29/2022,2022,7,29,91333067,159243,135451.857
941,7/30/2022,2022,7,30,91349083,16016,133978.429
942,7/31/2022,2022,7,31,91362081,12998,132514.143
943,8/1/2022,2022,8,1,91532248,170167,129687.143
944,8/2/2022,2022,8,2,91623222,90974,123796.429
945,8/3/2022,2022,8,3,91823932,200710,118165.143
946,8/4/2022,2022,8,4,92011054,187122,119604.286
947,8/5/2022,2022,8,5,92117075,106021,112001.143
948,8/6/2022,2022,8,6,92132052,14977,111852.714
949,8/7/2022,2022,8,7,92144653,12601,111796
950,8/8/2022,2022,8,8,92300323,155670,109725
951,8/9/2022,2022,8,9,92400129,99806,110986.714
952,8/10/2022,2022,8,10,92596649,196520,110388.143
953,8/11/2022,2022,8,11,92759361,162712,106901
954,8/12/2022,2022,8,12,92856096,96735,105574.429
955,8/13/2022,2022,8,13,92939763,83667,115387.286
956,8/14/2022,2022,8,14,92949505,9742,114978.857
957,8/15/2022,2022,8,15,93072646,123141,110331.857
958,8/16/2022,2022,8,16,93164527,91881,109199.714
959,8/17/2022,2022,8,17,93301550,137023,100700.143
960,8/18/2022,2022,8,18,93450550,149000,98741.286
961,8/19/2022,2022,8,19,93528184,77634,96012.571
962,8/20/2022,2022,8,20,93539238,11054,85639.286
963,8/21/2022,2022,8,21,93549025,9787,85645.714
964,8/22/2022,2022,8,22,93678216,129191,86510
965,8/23/2022,2022,8,23,93777558,99342,87575.857
966,8/24/2022,2022,8,24,93929427,151869,89696.714
967,8/25/2022,2022,8,25,94068952,139525,88343.143
968,8/26/2022,2022,8,26,94189635,120683,94493
969,8/27/2022,2022,8,27,94201396,11761,94594
970,8/28/2022,2022,8,28,94209827,8431,94400.286
971,8/29/2022,2022,8,29,94316043,106216,91118.143
972,8/30/2022,2022,8,30,94391812,75769,87750.571
973,8/31/2022,2022,8,31,94546332,154520,88129.286
974,9/1/2022,2022,9,1,94676952,130620,86857.143
975,9/2/2022,2022,9,2,94741631,64679,78856.571
976,9/3/2022,2022,9,3,94753018,11387,78803.143
977,9/4/2022,2022,9,4,94760438,7420,78658.714
978,9/5/2022,2022,9,5,94794036,33598,68284.714
979,9/6/2022,2022,9,6,94906728,112692,73559.429
980,9/7/2022,2022,9,7,95030768,124040,69205.143
981,9/8/2022,2022,9,8,95137887,107119,65847.857
982,9/9/2022,2022,9,9,95238700,100813,71009.857
983,9/10/2022,2022,9,10,95248818,10118,70828.571
984,9/11/2022,2022,9,11,95257804,8986,71052.286
985,9/12/2022,2022,9,12,95327331,69527,76185
986,9/13/2022,2022,9,13,95407056,79725,71475.429
987,9/14/2022,2022,9,14,95510714,103658,68563.714
988,9/15/2022,2022,9,15,95594077,83363,65170
989,9/16/2022,2022,9,16,95650318,56241,58802.571
990,9/17/2022,2022,9,17,95658853,8535,58576.429
991,9/18/2022,2022,9,18,95664314,5461,58072.857
992,9/19/2022,2022,9,19,95720112,55798,56111.571
993,9/20/2022,2022,9,20,95789404,69292,54621.143
994,9/21/2022,2022,9,21,95887842,98438,53875.429
995,9/22/2022,2022,9,22,95968831,80989,53536.286
996,9/23/2022,2022,9,23,96052128,83297,57401.429
997,9/24/2022,2022,9,24,96061852,9724,57571.286
998,9/25/2022,2022,9,25,96068564,6712,57750
999,9/26/2022,2022,9,26,96114158,45594,56292.286
1000,9/27/2022,2022,9,27,96175171,61013,55109.571
1001,9/28/2022,2022,9,28,96262009,86838,53452.429
1002,9/29/2022,2022,9,29,96346381,84372,53935.714
1003,9/30/2022,2022,9,30,96379782,33401,46807.714
1004,10/1/2022,2022,10,1,96387677,7895,46546.429
1005,10/2/2022,2022,10,2,96393434,5757,46410
1006,10/3/2022,2022,10,3,96434723,41289,45795
1007,10/4/2022,2022,10,4,96489921,55198,44964.286
1008,10/5/2022,2022,10,5,96561173,71252,42737.714
1009,10/6/2022,2022,10,6,96621920,60747,39362.714
1010,10/7/2022,2022,10,7,96680127,58207,42906.429
1011,10/8/2022,2022,10,8,96687847,7720,42881.429
1012,10/9/2022,2022,10,9,96693364,5517,42847.143
1013,10/10/2022,2022,10,10,96716302,22938,40225.571
1014,10/11/2022,2022,10,11,96776993,60691,41010.286
1015,10/12/2022,2022,10,12,96841616,64623,40063.286
1016,10/13/2022,2022,10,13,96904967,63351,40435.286
1017,10/14/2022,2022,10,14,96931878,26911,35964.429
1018,10/15/2022,2022,10,15,96937860,5982,35716.143
1019,10/16/2022,2022,10,16,96944542,6682,35882.571
1020,10/17/2022,2022,10,17,96983327,38785,38146.429
1021,10/18/2022,2022,10,18,97026851,43524,35694
1022,10/19/2022,2022,10,19,97088191,61340,35225
1023,10/20/2022,2022,10,20,97145338,57147,34338.714
1024,10/21/2022,2022,10,21,97191288,45950,37058.571
1025,10/22/2022,2022,10,22,97196666,5378,36972.286
1026,10/23/2022,2022,10,23,97205175,8509,37233.286
1027,10/24/2022,2022,10,24,97244355,39180,37289.714
1028,10/25/2022,2022,10,25,97287971,43616,37302.857
1029,10/26/2022,2022,10,26,97359442,71471,38750.143
1030,10/27/2022,2022,10,27,97418512,59070,39024.857
1031,10/28/2022,2022,10,28,97448690,30178,36771.714
1032,10/29/2022,2022,10,29,97457681,8991,37287.857
1033,10/30/2022,2022,10,30,97460955,3274,36540
1034,10/31/2022,2022,10,31,97505662,44707,37329.571
1035,11/1/2022,2022,11,1,97554392,48730,38060.143
1036,11/2/2022,2022,11,2,97628277,73885,38405
1037,11/3/2022,2022,11,3,97698727,70450,40030.714
1038,11/4/2022,2022,11,4,97737163,38436,41210.429
1039,11/5/2022,2022,11,5,97742253,5090,40653.143
1040,11/6/2022,2022,11,6,97750168,7915,41316.143
1041,11/7/2022,2022,11,7,97790460,40292,40685.429
1042,11/8/2022,2022,11,8,97821590,31130,38171.143
1043,11/9/2022,2022,11,9,97918658,97068,41483
1044,11/10/2022,2022,11,10,97984543,65885,40830.857
1045,11/11/2022,2022,11,11,97997396,12853,37176.143
1046,11/12/2022,2022,11,12,98002419,5023,37166.571
1047,11/13/2022,2022,11,13,98004770,2351,36371.714
1048,11/14/2022,2022,11,14,98054653,49883,37741.857
1049,11/15/2022,2022,11,15,98114046,59393,41779.429
1050,11/16/2022,2022,11,16,98198326,84280,39952.571
1051,11/17/2022,2022,11,17,98251819,53493,38182.286
1052,11/18/2022,2022,11,18,98306861,55042,44209.286
1053,11/19/2022,2022,11,19,98311464,4603,44149.286
1054,11/20/2022,2022,11,20,98314732,3268,44280.286
1055,11/21/2022,2022,11,21,98357289,42557,43233.714
1056,11/22/2022,2022,11,22,98411581,54292,42505
1057,11/23/2022,2022,11,23,98522967,111386,46377.286
1058,11/24/2022,2022,11,24,98538386,15419,40938.143
